timestamp,food_item,calories,protein,carbs,fat
2025-04-06T00:33:59.782034,"I can't identify the people in the image, but it seems to show a group of individuals working together, possibly in a collaborative or brainstorming session. If you have any questions about calorie tracking or related topics, feel free to ask!",Unknown,0,0,0
2025-04-06T00:33:59.782945,"The image shows a hand holding a can of energy drink, specifically Red Bull.",Unknown,0,0,0
2025-04-06T00:33:59.783030,"I'm unable to assist with identifying individuals in images. If you have any other questions or need assistance with something else, feel free to ask!",Unknown,0,0,0
2025-04-06T00:33:59.783122,"It looks like you're holding a can of Red Bull, which is a popular energy drink. A standard 8.4 fl oz (250 ml) can of Red Bull contains about 110 calories. If you have any questions about its nutritional content or how it fits into your daily intake, feel free to ask!",110,0,0,0
2025-04-06T00:33:59.783388,"It looks like you're sharing an image of a minimalistic room design with wooden furniture, art on the walls, and natural light from a window. If you have any questions or need assistance related to this image, feel free to ask!",Unknown,0,0,0
2025-04-06T00:33:59.783637,"It looks like you may be holding a can of Red Bull energy drink. If you're looking for calorie information, a standard 250ml can of Red Bull typically contains around 110 calories. Let me know if you need more details or help with anything else!",110,0,0,0
2025-04-06T00:33:59.783899,"I can't help with identifying or providing information about the person in the image. If you have any questions or need assistance with something else, feel free to ask!",Unknown,0,0,0
2025-04-06T00:33:59.784179,Red Bull is a popular energy drink that typically contains about 110 calories per 8.4 oz (250 ml) can. The macronutrient breakdown is primarily:,110,0,0,0
2025-04-06T00:33:59.783674,"I don't know who is in the image. If you have any questions or need assistance, feel free to ask!",Unknown,0,0,0
